<configuration>

    <!-- Define appenders -->
    <appender name="myAccount" class="ch.qos.logback.core.ConsoleAppender">
        <encoder>
            <pattern>%highlight(%d{dd/MM/YYYY HH:mm:ss}) [%thread] %highlight(%-5level) - %highlight(%msg) -- %logger{36} %n</pattern>
        </encoder>
    </appender>

     Define file appender
    <appender name="myLogs" class="ch.qos.logback.core.FileAppender">
        <file>C:\DLTE-JavaFullStack-Nishmitha-2024\DLTE-Java\DLTE-Java-Tasks\DLTE-Java-Project\DLTE-Java-Project\log\user.log </file> <!-- Define log file name and path -->
        <encoder>
            <pattern>%d{HH:mm:ss.SSS} %highlight([%thread]) %-5level %logger{36} - %highlight(%msg) %n</pattern>
        </encoder>
    </appender>

    <!-- Root logger settings -->
    <root level="INFO">
        <appender-ref ref="myAccount" />
        <appender-ref ref="myLogs" /> <!-- Attach file appender -->
    </root>

</configuration>